--
-- PostgreSQL database dump
--   Sample Usernames and passwords
--         Username              |        password         |     Role
--   saraalkhozaae@gmail.com     |    SecurePassword123!   |    OWNER

--

\restrict fDQa2YdIf1XhS919JE8KwyKC36FtL3hslK587OOYKxEdCJATMuxMIM1u9uVT913

-- Dumped from database version 18.1
-- Dumped by pg_dump version 18.1

-- Started on 2026-06-02 23:53:49

SET statement_timeout = 0;
SET lock_timeout = 0;
SET idle_in_transaction_session_timeout = 0;
SET transaction_timeout = 0;
SET client_encoding = 'UTF8';
SET standard_conforming_strings = on;
SELECT pg_catalog.set_config('search_path', '', false);
SET check_function_bodies = false;
SET xmloption = content;
SET client_min_messages = warning;
SET row_security = off;

SET default_tablespace = '';

SET default_table_access_method = heap;

--
-- TOC entry 220 (class 1259 OID 25679)
-- Name: drone_histories; Type: TABLE; Schema: public; Owner: postgres
--

CREATE TABLE public.drone_histories (
    id bigint NOT NULL,
    created_at timestamp(6) without time zone,
    updated_at timestamp(6) without time zone,
    drone_id bigint,
    history_id bigint,
    x double precision,
    y double precision
);


ALTER TABLE public.drone_histories OWNER TO postgres;

--
-- TOC entry 219 (class 1259 OID 25678)
-- Name: drone_histories_id_seq; Type: SEQUENCE; Schema: public; Owner: postgres
--

ALTER TABLE public.drone_histories ALTER COLUMN id ADD GENERATED BY DEFAULT AS IDENTITY (
    SEQUENCE NAME public.drone_histories_id_seq
    START WITH 1
    INCREMENT BY 1
    NO MINVALUE
    NO MAXVALUE
    CACHE 1
);


--
-- TOC entry 222 (class 1259 OID 25686)
-- Name: drones; Type: TABLE; Schema: public; Owner: postgres
--

CREATE TABLE public.drones (
    id bigint NOT NULL,
    created_at timestamp(6) without time zone,
    serial character varying(255),
    updated_at timestamp(6) without time zone,
    owner_id bigint,
    renter_id bigint,
    status character varying(255),
    CONSTRAINT drones_status_check CHECK (((status)::text = ANY ((ARRAY['ACTIVE'::character varying, 'INACTIVE'::character varying])::text[])))
);


ALTER TABLE public.drones OWNER TO postgres;

--
-- TOC entry 221 (class 1259 OID 25685)
-- Name: drones_id_seq; Type: SEQUENCE; Schema: public; Owner: postgres
--

ALTER TABLE public.drones ALTER COLUMN id ADD GENERATED BY DEFAULT AS IDENTITY (
    SEQUENCE NAME public.drones_id_seq
    START WITH 1
    INCREMENT BY 1
    NO MINVALUE
    NO MAXVALUE
    CACHE 1
);


--
-- TOC entry 230 (class 1259 OID 25749)
-- Name: email_verification_token; Type: TABLE; Schema: public; Owner: postgres
--

CREATE TABLE public.email_verification_token (
    id bigint NOT NULL,
    expiry_date timestamp(6) without time zone,
    token character varying(255) NOT NULL,
    user_id bigint NOT NULL
);


ALTER TABLE public.email_verification_token OWNER TO postgres;

--
-- TOC entry 229 (class 1259 OID 25748)
-- Name: email_verification_token_id_seq; Type: SEQUENCE; Schema: public; Owner: postgres
--

ALTER TABLE public.email_verification_token ALTER COLUMN id ADD GENERATED BY DEFAULT AS IDENTITY (
    SEQUENCE NAME public.email_verification_token_id_seq
    START WITH 1
    INCREMENT BY 1
    NO MINVALUE
    NO MAXVALUE
    CACHE 1
);


--
-- TOC entry 224 (class 1259 OID 25693)
-- Name: histories; Type: TABLE; Schema: public; Owner: postgres
--

CREATE TABLE public.histories (
    id bigint NOT NULL,
    x double precision,
    y double precision,
    created_at timestamp(6) without time zone,
    image character varying(255),
    number_of_drones integer,
    updated_at timestamp(6) without time zone,
    user_id bigint,
    width double precision
);


ALTER TABLE public.histories OWNER TO postgres;

--
-- TOC entry 223 (class 1259 OID 25692)
-- Name: histories_id_seq; Type: SEQUENCE; Schema: public; Owner: postgres
--

ALTER TABLE public.histories ALTER COLUMN id ADD GENERATED BY DEFAULT AS IDENTITY (
    SEQUENCE NAME public.histories_id_seq
    START WITH 1
    INCREMENT BY 1
    NO MINVALUE
    NO MAXVALUE
    CACHE 1
);


--
-- TOC entry 232 (class 1259 OID 25758)
-- Name: password_reset_token; Type: TABLE; Schema: public; Owner: postgres
--

CREATE TABLE public.password_reset_token (
    id bigint NOT NULL,
    expiry_date timestamp(6) without time zone,
    token character varying(255) NOT NULL,
    user_id bigint NOT NULL
);


ALTER TABLE public.password_reset_token OWNER TO postgres;

--
-- TOC entry 231 (class 1259 OID 25757)
-- Name: password_reset_token_id_seq; Type: SEQUENCE; Schema: public; Owner: postgres
--

ALTER TABLE public.password_reset_token ALTER COLUMN id ADD GENERATED BY DEFAULT AS IDENTITY (
    SEQUENCE NAME public.password_reset_token_id_seq
    START WITH 1
    INCREMENT BY 1
    NO MINVALUE
    NO MAXVALUE
    CACHE 1
);


--
-- TOC entry 226 (class 1259 OID 25700)
-- Name: user_profile; Type: TABLE; Schema: public; Owner: postgres
--

CREATE TABLE public.user_profile (
    id bigint NOT NULL,
    address character varying(255),
    birth_date date,
    cpr bigint,
    created_at timestamp(6) without time zone,
    first_name character varying(255),
    last_name character varying(255),
    phone_number bigint,
    profile_imageurl character varying(255),
    updated_at timestamp(6) without time zone
);


ALTER TABLE public.user_profile OWNER TO postgres;

--
-- TOC entry 225 (class 1259 OID 25699)
-- Name: user_profile_id_seq; Type: SEQUENCE; Schema: public; Owner: postgres
--

ALTER TABLE public.user_profile ALTER COLUMN id ADD GENERATED BY DEFAULT AS IDENTITY (
    SEQUENCE NAME public.user_profile_id_seq
    START WITH 1
    INCREMENT BY 1
    NO MINVALUE
    NO MAXVALUE
    CACHE 1
);


--
-- TOC entry 228 (class 1259 OID 25709)
-- Name: users; Type: TABLE; Schema: public; Owner: postgres
--

CREATE TABLE public.users (
    id bigint NOT NULL,
    created_at timestamp(6) without time zone,
    email character varying(255),
    password character varying(255),
    role character varying(255),
    status character varying(255),
    updated_at timestamp(6) without time zone,
    verified boolean,
    profile_id bigint,
    CONSTRAINT users_status_check CHECK (((status)::text = ANY ((ARRAY['ACTIVE'::character varying, 'INACTIVE'::character varying])::text[])))
);


ALTER TABLE public.users OWNER TO postgres;

--
-- TOC entry 227 (class 1259 OID 25708)
-- Name: users_id_seq; Type: SEQUENCE; Schema: public; Owner: postgres
--

ALTER TABLE public.users ALTER COLUMN id ADD GENERATED BY DEFAULT AS IDENTITY (
    SEQUENCE NAME public.users_id_seq
    START WITH 1
    INCREMENT BY 1
    NO MINVALUE
    NO MAXVALUE
    CACHE 1
);


--
-- TOC entry 5070 (class 0 OID 25679)
-- Dependencies: 220
-- Data for Name: drone_histories; Type: TABLE DATA; Schema: public; Owner: postgres
--

COPY public.drone_histories (id, created_at, updated_at, drone_id, history_id, x, y) FROM stdin;
1	2026-05-24 16:39:24.148192	2026-05-24 16:39:24.148192	1	6	18.333333333333336	14.166666666666668
2	2026-05-24 16:39:24.159192	2026-05-24 16:39:24.159192	2	6	47.22222222222222	19.72222222222222
3	2026-05-24 16:39:24.161193	2026-05-24 16:39:24.161193	3	6	54.44444444444445	29.444444444444446
4	2026-05-24 16:39:24.164192	2026-05-24 16:39:24.164192	4	6	81.66666666666667	37.22222222222222
5	2026-05-24 16:39:24.166194	2026-05-24 16:39:24.166194	5	6	79.44444444444444	71.66666666666667
6	2026-05-24 16:39:24.169192	2026-05-24 16:39:24.169192	6	6	58.05555555555556	88.33333333333334
7	2026-05-24 16:39:24.171192	2026-05-24 16:39:24.171192	7	6	22.22222222222222	75.27777777777779
8	2026-05-24 16:39:24.173192	2026-05-24 16:39:24.173192	8	6	17.5	38.333333333333336
9	2026-05-24 16:39:24.175192	2026-05-24 16:39:24.175192	9	6	50.27777777777778	27.222222222222225
10	2026-05-24 16:39:24.1772	2026-05-24 16:39:24.1772	10	6	22.77777777777778	18.055555555555557
11	2026-05-24 16:48:26.092449	2026-05-24 16:48:26.092449	1	7	18.333333333333336	14.166666666666668
12	2026-05-24 16:48:26.099677	2026-05-24 16:48:26.099677	2	7	47.22222222222222	19.72222222222222
13	2026-05-24 16:48:26.101678	2026-05-24 16:48:26.101678	3	7	54.44444444444445	29.444444444444446
14	2026-05-24 16:48:26.104852	2026-05-24 16:48:26.104852	4	7	81.66666666666667	37.22222222222222
15	2026-05-24 16:48:26.107058	2026-05-24 16:48:26.107058	5	7	79.44444444444444	71.66666666666667
16	2026-05-24 16:48:26.111059	2026-05-24 16:48:26.111059	6	7	58.05555555555556	88.33333333333334
17	2026-05-24 16:48:26.112058	2026-05-24 16:48:26.112058	7	7	22.22222222222222	75.27777777777779
18	2026-05-24 16:48:26.114538	2026-05-24 16:48:26.114538	8	7	17.5	38.333333333333336
19	2026-05-24 16:48:26.115811	2026-05-24 16:48:26.115811	9	7	50.27777777777778	27.222222222222225
20	2026-05-24 16:48:26.117911	2026-05-24 16:48:26.117911	10	7	22.77777777777778	18.055555555555557
21	2026-05-24 16:50:40.06486	2026-05-24 16:50:40.06486	1	8	18.333333333333336	14.166666666666668
22	2026-05-24 16:50:40.065861	2026-05-24 16:50:40.066892	2	8	36.111111111111114	11.38888888888889
23	2026-05-24 16:50:40.067894	2026-05-24 16:50:40.067894	3	8	47.22222222222222	19.444444444444446
24	2026-05-24 16:50:40.068894	2026-05-24 16:50:40.068894	4	8	57.22222222222222	18.333333333333336
25	2026-05-24 16:50:40.072346	2026-05-24 16:50:40.072346	5	8	53.88888888888889	29.722222222222225
26	2026-05-24 16:50:40.074809	2026-05-24 16:50:40.074809	6	8	72.22222222222223	27.77777777777778
27	2026-05-24 16:50:40.076978	2026-05-24 16:50:40.076978	7	8	81.38888888888889	36.66666666666667
28	2026-05-24 16:50:40.079973	2026-05-24 16:50:40.079973	8	8	84.16666666666667	53.88888888888889
29	2026-05-24 16:50:40.082108	2026-05-24 16:50:40.082108	9	8	80	70.83333333333334
30	2026-05-24 16:50:40.083107	2026-05-24 16:50:40.083107	10	8	72.77777777777779	81.94444444444444
31	2026-05-24 16:50:40.085106	2026-05-24 16:50:40.085106	11	8	59.44444444444445	88.61111111111111
32	2026-05-24 16:50:40.087109	2026-05-24 16:50:40.087109	12	8	41.111111111111114	88.61111111111111
33	2026-05-24 16:50:40.090107	2026-05-24 16:50:40.090107	13	8	23.333333333333336	76.94444444444444
34	2026-05-24 16:50:40.092107	2026-05-24 16:50:40.092107	14	8	16.11111111111111	58.611111111111114
35	2026-05-24 16:50:40.094111	2026-05-24 16:50:40.094111	15	8	16.944444444444446	40.27777777777778
36	2026-05-24 16:50:40.096105	2026-05-24 16:50:40.096105	16	8	31.944444444444446	27.5
37	2026-05-24 16:50:40.097718	2026-05-24 16:50:40.097718	17	8	50	29.444444444444446
38	2026-05-24 16:50:40.09979	2026-05-24 16:50:40.09979	18	8	35.833333333333336	24.166666666666668
39	2026-05-24 16:50:40.100788	2026-05-24 16:50:40.100788	19	8	19.444444444444446	15.555555555555557
40	2026-05-24 16:50:40.102789	2026-05-24 16:50:40.102789	20	8	21.11111111111111	33.05555555555556
\.


--
-- TOC entry 5072 (class 0 OID 25686)
-- Dependencies: 222
-- Data for Name: drones; Type: TABLE DATA; Schema: public; Owner: postgres
--

COPY public.drones (id, created_at, serial, updated_at, owner_id, renter_id, status) FROM stdin;
2	2026-05-24 02:31:53.12012	DRN-2026-002	2026-05-24 02:31:53.12012	4	\N	ACTIVE
3	2026-05-24 02:31:57.245888	DRN-2026-003	2026-05-24 02:31:57.245888	4	\N	ACTIVE
4	2026-05-24 02:32:00.719957	DRN-2026-004	2026-05-24 02:32:00.719957	4	\N	ACTIVE
5	2026-05-24 02:32:10.800356	DRN-2026-005	2026-05-24 02:32:10.800356	4	\N	ACTIVE
6	2026-05-24 02:32:15.511205	DRN-2026-006	2026-05-24 02:32:15.511205	4	\N	ACTIVE
7	2026-05-24 02:32:20.523326	DRN-2026-007	2026-05-24 02:32:20.523326	4	\N	ACTIVE
8	2026-05-24 02:32:24.869203	DRN-2026-008	2026-05-24 02:32:24.869203	4	\N	ACTIVE
9	2026-05-24 02:32:29.785911	DRN-2026-009	2026-05-24 02:32:29.785911	4	\N	ACTIVE
10	2026-05-24 02:32:35.949024	DRN-2026-010	2026-05-24 02:32:35.949024	4	\N	ACTIVE
11	2026-05-24 02:41:20.499034	DRN-2026-011	2026-05-24 02:41:20.499034	4	\N	ACTIVE
12	2026-05-24 16:49:39.826548	DRN-2026-012	2026-05-24 16:49:39.826548	4	\N	ACTIVE
13	2026-05-24 16:49:45.319466	DRN-2026-013	2026-05-24 16:49:45.319466	4	\N	ACTIVE
14	2026-05-24 16:49:51.441869	DRN-2026-014	2026-05-24 16:49:51.441869	4	\N	ACTIVE
15	2026-05-24 16:49:56.400038	DRN-2026-015	2026-05-24 16:49:56.400038	4	\N	ACTIVE
16	2026-05-24 16:50:01.853081	DRN-2026-016	2026-05-24 16:50:01.853081	4	\N	ACTIVE
17	2026-05-24 16:50:06.938044	DRN-2026-017	2026-05-24 16:50:06.938044	4	\N	ACTIVE
18	2026-05-24 16:50:12.502228	DRN-2026-018	2026-05-24 16:50:12.502228	4	\N	ACTIVE
19	2026-05-24 16:50:16.84938	DRN-2026-019	2026-05-24 16:50:16.84938	4	\N	ACTIVE
20	2026-05-24 16:50:24.414866	DRN-2026-020	2026-05-24 16:50:24.414866	4	\N	ACTIVE
21	2026-05-24 16:57:51.078621	DRN-2026-021	2026-05-24 16:57:51.079622	4	\N	ACTIVE
22	2026-05-24 17:00:17.799646	\N	2026-05-24 17:26:48.397347	4	\N	INACTIVE
1	2026-05-24 02:31:02.254349	DRN-2026-001	2026-05-24 17:27:54.437028	4	4	ACTIVE
\.

INSERT INTO public.drones (created_at, serial, updated_at, owner_id, renter_id, status) VALUES
('2026-06-03 00:00:00', 'DRN-2026-023', '2026-06-03 00:00:00', 4, NULL, 'ACTIVE'),
('2026-06-03 00:00:00', 'DRN-2026-024', '2026-06-03 00:00:00', 4, NULL, 'ACTIVE'),
('2026-06-03 00:00:00', 'DRN-2026-025', '2026-06-03 00:00:00', 4, NULL, 'ACTIVE'),
('2026-06-03 00:00:00', 'DRN-2026-026', '2026-06-03 00:00:00', 4, NULL, 'ACTIVE'),
('2026-06-03 00:00:00', 'DRN-2026-027', '2026-06-03 00:00:00', 4, NULL, 'ACTIVE'),
('2026-06-03 00:00:00', 'DRN-2026-028', '2026-06-03 00:00:00', 4, NULL, 'ACTIVE'),
('2026-06-03 00:00:00', 'DRN-2026-029', '2026-06-03 00:00:00', 4, NULL, 'ACTIVE'),
('2026-06-03 00:00:00', 'DRN-2026-030', '2026-06-03 00:00:00', 4, NULL, 'ACTIVE'),
('2026-06-03 00:00:00', 'DRN-2026-031', '2026-06-03 00:00:00', 4, NULL, 'ACTIVE'),
('2026-06-03 00:00:00', 'DRN-2026-032', '2026-06-03 00:00:00', 4, NULL, 'ACTIVE'),
('2026-06-03 00:00:00', 'DRN-2026-033', '2026-06-03 00:00:00', 4, NULL, 'ACTIVE'),
('2026-06-03 00:00:00', 'DRN-2026-034', '2026-06-03 00:00:00', 4, NULL, 'ACTIVE'),
('2026-06-03 00:00:00', 'DRN-2026-035', '2026-06-03 00:00:00', 4, NULL, 'ACTIVE'),
('2026-06-03 00:00:00', 'DRN-2026-036', '2026-06-03 00:00:00', 4, NULL, 'ACTIVE'),
('2026-06-03 00:00:00', 'DRN-2026-037', '2026-06-03 00:00:00', 4, NULL, 'ACTIVE'),
('2026-06-03 00:00:00', 'DRN-2026-038', '2026-06-03 00:00:00', 4, NULL, 'ACTIVE'),
('2026-06-03 00:00:00', 'DRN-2026-039', '2026-06-03 00:00:00', 4, NULL, 'ACTIVE'),
('2026-06-03 00:00:00', 'DRN-2026-040', '2026-06-03 00:00:00', 4, NULL, 'ACTIVE'),
('2026-06-03 00:00:00', 'DRN-2026-041', '2026-06-03 00:00:00', 4, NULL, 'ACTIVE'),
('2026-06-03 00:00:00', 'DRN-2026-042', '2026-06-03 00:00:00', 4, NULL, 'ACTIVE'),
('2026-06-03 00:00:00', 'DRN-2026-043', '2026-06-03 00:00:00', 4, NULL, 'ACTIVE'),
('2026-06-03 00:00:00', 'DRN-2026-044', '2026-06-03 00:00:00', 4, NULL, 'ACTIVE'),
('2026-06-03 00:00:00', 'DRN-2026-045', '2026-06-03 00:00:00', 4, NULL, 'ACTIVE'),
('2026-06-03 00:00:00', 'DRN-2026-046', '2026-06-03 00:00:00', 4, NULL, 'ACTIVE'),
('2026-06-03 00:00:00', 'DRN-2026-047', '2026-06-03 00:00:00', 4, NULL, 'ACTIVE'),
('2026-06-03 00:00:00', 'DRN-2026-048', '2026-06-03 00:00:00', 4, NULL, 'ACTIVE'),
('2026-06-03 00:00:00', 'DRN-2026-049', '2026-06-03 00:00:00', 4, NULL, 'ACTIVE'),
('2026-06-03 00:00:00', 'DRN-2026-050', '2026-06-03 00:00:00', 4, NULL, 'ACTIVE'),
('2026-06-03 00:00:00', 'DRN-2026-051', '2026-06-03 00:00:00', 4, NULL, 'ACTIVE'),
('2026-06-03 00:00:00', 'DRN-2026-052', '2026-06-03 00:00:00', 4, NULL, 'ACTIVE'),
('2026-06-03 00:00:00', 'DRN-2026-053', '2026-06-03 00:00:00', 4, NULL, 'ACTIVE'),
('2026-06-03 00:00:00', 'DRN-2026-054', '2026-06-03 00:00:00', 4, NULL, 'ACTIVE'),
('2026-06-03 00:00:00', 'DRN-2026-055', '2026-06-03 00:00:00', 4, NULL, 'ACTIVE'),
('2026-06-03 00:00:00', 'DRN-2026-056', '2026-06-03 00:00:00', 4, NULL, 'ACTIVE'),
('2026-06-03 00:00:00', 'DRN-2026-057', '2026-06-03 00:00:00', 4, NULL, 'ACTIVE'),
('2026-06-03 00:00:00', 'DRN-2026-058', '2026-06-03 00:00:00', 4, NULL, 'ACTIVE'),
('2026-06-03 00:00:00', 'DRN-2026-059', '2026-06-03 00:00:00', 4, NULL, 'ACTIVE'),
('2026-06-03 00:00:00', 'DRN-2026-060', '2026-06-03 00:00:00', 4, NULL, 'ACTIVE'),
('2026-06-03 00:00:00', 'DRN-2026-061', '2026-06-03 00:00:00', 4, NULL, 'ACTIVE'),
('2026-06-03 00:00:00', 'DRN-2026-062', '2026-06-03 00:00:00', 4, NULL, 'ACTIVE'),
('2026-06-03 00:00:00', 'DRN-2026-063', '2026-06-03 00:00:00', 4, NULL, 'ACTIVE'),
('2026-06-03 00:00:00', 'DRN-2026-064', '2026-06-03 00:00:00', 4, NULL, 'ACTIVE'),
('2026-06-03 00:00:00', 'DRN-2026-065', '2026-06-03 00:00:00', 4, NULL, 'ACTIVE'),
('2026-06-03 00:00:00', 'DRN-2026-066', '2026-06-03 00:00:00', 4, NULL, 'ACTIVE'),
('2026-06-03 00:00:00', 'DRN-2026-067', '2026-06-03 00:00:00', 4, NULL, 'ACTIVE'),
('2026-06-03 00:00:00', 'DRN-2026-068', '2026-06-03 00:00:00', 4, NULL, 'ACTIVE'),
('2026-06-03 00:00:00', 'DRN-2026-069', '2026-06-03 00:00:00', 4, NULL, 'ACTIVE'),
('2026-06-03 00:00:00', 'DRN-2026-070', '2026-06-03 00:00:00', 4, NULL, 'ACTIVE'),
('2026-06-03 00:00:00', 'DRN-2026-071', '2026-06-03 00:00:00', 4, NULL, 'ACTIVE'),
('2026-06-03 00:00:00', 'DRN-2026-072', '2026-06-03 00:00:00', 4, NULL, 'ACTIVE'),
('2026-06-03 00:00:00', 'DRN-2026-073', '2026-06-03 00:00:00', 4, NULL, 'ACTIVE'),
('2026-06-03 00:00:00', 'DRN-2026-074', '2026-06-03 00:00:00', 4, NULL, 'ACTIVE'),
('2026-06-03 00:00:00', 'DRN-2026-075', '2026-06-03 00:00:00', 4, NULL, 'ACTIVE'),
('2026-06-03 00:00:00', 'DRN-2026-076', '2026-06-03 00:00:00', 4, NULL, 'ACTIVE'),
('2026-06-03 00:00:00', 'DRN-2026-077', '2026-06-03 00:00:00', 4, NULL, 'ACTIVE'),
('2026-06-03 00:00:00', 'DRN-2026-078', '2026-06-03 00:00:00', 4, NULL, 'ACTIVE'),
('2026-06-03 00:00:00', 'DRN-2026-079', '2026-06-03 00:00:00', 4, NULL, 'ACTIVE'),
('2026-06-03 00:00:00', 'DRN-2026-080', '2026-06-03 00:00:00', 4, NULL, 'ACTIVE'),
('2026-06-03 00:00:00', 'DRN-2026-081', '2026-06-03 00:00:00', 4, NULL, 'ACTIVE'),
('2026-06-03 00:00:00', 'DRN-2026-082', '2026-06-03 00:00:00', 4, NULL, 'ACTIVE'),
('2026-06-03 00:00:00', 'DRN-2026-083', '2026-06-03 00:00:00', 4, NULL, 'ACTIVE'),
('2026-06-03 00:00:00', 'DRN-2026-084', '2026-06-03 00:00:00', 4, NULL, 'ACTIVE'),
('2026-06-03 00:00:00', 'DRN-2026-085', '2026-06-03 00:00:00', 4, NULL, 'ACTIVE'),
('2026-06-03 00:00:00', 'DRN-2026-086', '2026-06-03 00:00:00', 4, NULL, 'ACTIVE'),
('2026-06-03 00:00:00', 'DRN-2026-087', '2026-06-03 00:00:00', 4, NULL, 'ACTIVE'),
('2026-06-03 00:00:00', 'DRN-2026-088', '2026-06-03 00:00:00', 4, NULL, 'ACTIVE'),
('2026-06-03 00:00:00', 'DRN-2026-089', '2026-06-03 00:00:00', 4, NULL, 'ACTIVE'),
('2026-06-03 00:00:00', 'DRN-2026-090', '2026-06-03 00:00:00', 4, NULL, 'ACTIVE'),
('2026-06-03 00:00:00', 'DRN-2026-091', '2026-06-03 00:00:00', 4, NULL, 'ACTIVE'),
('2026-06-03 00:00:00', 'DRN-2026-092', '2026-06-03 00:00:00', 4, NULL, 'ACTIVE'),
('2026-06-03 00:00:00', 'DRN-2026-093', '2026-06-03 00:00:00', 4, NULL, 'ACTIVE'),
('2026-06-03 00:00:00', 'DRN-2026-094', '2026-06-03 00:00:00', 4, NULL, 'ACTIVE'),
('2026-06-03 00:00:00', 'DRN-2026-095', '2026-06-03 00:00:00', 4, NULL, 'ACTIVE'),
('2026-06-03 00:00:00', 'DRN-2026-096', '2026-06-03 00:00:00', 4, NULL, 'ACTIVE'),
('2026-06-03 00:00:00', 'DRN-2026-097', '2026-06-03 00:00:00', 4, NULL, 'ACTIVE'),
('2026-06-03 00:00:00', 'DRN-2026-098', '2026-06-03 00:00:00', 4, NULL, 'ACTIVE'),
('2026-06-03 00:00:00', 'DRN-2026-099', '2026-06-03 00:00:00', 4, NULL, 'ACTIVE'),
('2026-06-03 00:00:00', 'DRN-2026-100', '2026-06-03 00:00:00', 4, NULL, 'ACTIVE'),
('2026-06-03 00:00:00', 'DRN-2026-101', '2026-06-03 00:00:00', 4, NULL, 'ACTIVE');

--
-- TOC entry 5080 (class 0 OID 25749)
-- Dependencies: 230
-- Data for Name: email_verification_token; Type: TABLE DATA; Schema: public; Owner: postgres
--

COPY public.email_verification_token (id, expiry_date, token, user_id) FROM stdin;
\.


--
-- TOC entry 5074 (class 0 OID 25693)
-- Dependencies: 224
-- Data for Name: histories; Type: TABLE DATA; Schema: public; Owner: postgres
--

COPY public.histories (id, x, y, created_at, image, number_of_drones, updated_at, user_id, width) FROM stdin;
2	\N	\N	2026-05-24 16:35:06.199533	https://res.cloudinary.com/dpilwfnla/image/upload/v1779629707/history2.png	10	2026-05-24 16:35:08.488713	4	100
3	\N	\N	2026-05-24 16:35:21.475212	https://res.cloudinary.com/dpilwfnla/image/upload/v1779629722/history3.png	10	2026-05-24 16:35:22.932645	4	100
4	\N	\N	2026-05-24 16:37:40.010464	\N	10	2026-05-24 16:37:40.010464	4	100
5	\N	\N	2026-05-24 16:37:43.905958	\N	10	2026-05-24 16:37:43.905958	4	100
6	\N	\N	2026-05-24 16:39:24.010554	https://res.cloudinary.com/dpilwfnla/image/upload/v1779629965/history6.png	10	2026-05-24 16:39:26.314722	4	100
7	\N	\N	2026-05-24 16:48:25.989317	https://res.cloudinary.com/dpilwfnla/image/upload/v1779630507/history7.png	10	2026-05-24 16:48:28.315722	4	100
8	\N	\N	2026-05-24 16:50:39.99512	https://res.cloudinary.com/dpilwfnla/image/upload/v1779630640/history8.png	20	2026-05-24 16:50:42.556311	4	100
\.


--
-- TOC entry 5082 (class 0 OID 25758)
-- Dependencies: 232
-- Data for Name: password_reset_token; Type: TABLE DATA; Schema: public; Owner: postgres
--

COPY public.password_reset_token (id, expiry_date, token, user_id) FROM stdin;
\.


--
-- TOC entry 5076 (class 0 OID 25700)
-- Dependencies: 226
-- Data for Name: user_profile; Type: TABLE DATA; Schema: public; Owner: postgres
--

COPY public.user_profile (id, address, birth_date, cpr, created_at, first_name, last_name, phone_number, profile_imageurl, updated_at) FROM stdin;
2	Bahrain	2000-01-01	123456789	2026-05-23 04:52:00.778897	Sara	Alkhozaae	97312345678	\N	2026-05-23 04:52:00.778897
\.


--
-- TOC entry 5078 (class 0 OID 25709)
-- Dependencies: 228
-- Data for Name: users; Type: TABLE DATA; Schema: public; Owner: postgres
--

COPY public.users (id, created_at, email, password, role, status, updated_at, verified, profile_id) FROM stdin;
4	2026-05-23 04:52:00.826727	saraalkhozaae@gmail.com	$2a$10$Voe2AC0QvbnrzEuet45UaOGIOZN4EbUAOI8AUktQlJYzlIro5oT12	OWNER	ACTIVE	2026-05-24 17:00:17.754125	t	2
\.


--
-- TOC entry 5088 (class 0 OID 0)
-- Dependencies: 219
-- Name: drone_histories_id_seq; Type: SEQUENCE SET; Schema: public; Owner: postgres
--

SELECT pg_catalog.setval('public.drone_histories_id_seq', 40, true);


--
-- TOC entry 5089 (class 0 OID 0)
-- Dependencies: 221
-- Name: drones_id_seq; Type: SEQUENCE SET; Schema: public; Owner: postgres
--

SELECT pg_catalog.setval('public.drones_id_seq', 22, true);


--
-- TOC entry 5090 (class 0 OID 0)
-- Dependencies: 229
-- Name: email_verification_token_id_seq; Type: SEQUENCE SET; Schema: public; Owner: postgres
--

SELECT pg_catalog.setval('public.email_verification_token_id_seq', 1, true);


--
-- TOC entry 5091 (class 0 OID 0)
-- Dependencies: 223
-- Name: histories_id_seq; Type: SEQUENCE SET; Schema: public; Owner: postgres
--

SELECT pg_catalog.setval('public.histories_id_seq', 8, true);


--
-- TOC entry 5092 (class 0 OID 0)
-- Dependencies: 231
-- Name: password_reset_token_id_seq; Type: SEQUENCE SET; Schema: public; Owner: postgres
--

SELECT pg_catalog.setval('public.password_reset_token_id_seq', 1, false);


--
-- TOC entry 5093 (class 0 OID 0)
-- Dependencies: 225
-- Name: user_profile_id_seq; Type: SEQUENCE SET; Schema: public; Owner: postgres
--

SELECT pg_catalog.setval('public.user_profile_id_seq', 2, true);


--
-- TOC entry 5094 (class 0 OID 0)
-- Dependencies: 227
-- Name: users_id_seq; Type: SEQUENCE SET; Schema: public; Owner: postgres
--

SELECT pg_catalog.setval('public.users_id_seq', 4, true);


--
-- TOC entry 4889 (class 2606 OID 25684)
-- Name: drone_histories drone_histories_pkey; Type: CONSTRAINT; Schema: public; Owner: postgres
--

ALTER TABLE ONLY public.drone_histories
    ADD CONSTRAINT drone_histories_pkey PRIMARY KEY (id);


--
-- TOC entry 4891 (class 2606 OID 25691)
-- Name: drones drones_pkey; Type: CONSTRAINT; Schema: public; Owner: postgres
--

ALTER TABLE ONLY public.drones
    ADD CONSTRAINT drones_pkey PRIMARY KEY (id);


--
-- TOC entry 4903 (class 2606 OID 25756)
-- Name: email_verification_token email_verification_token_pkey; Type: CONSTRAINT; Schema: public; Owner: postgres
--

ALTER TABLE ONLY public.email_verification_token
    ADD CONSTRAINT email_verification_token_pkey PRIMARY KEY (id);


--
-- TOC entry 4893 (class 2606 OID 25698)
-- Name: histories histories_pkey; Type: CONSTRAINT; Schema: public; Owner: postgres
--

ALTER TABLE ONLY public.histories
    ADD CONSTRAINT histories_pkey PRIMARY KEY (id);


--
-- TOC entry 4909 (class 2606 OID 25765)
-- Name: password_reset_token password_reset_token_pkey; Type: CONSTRAINT; Schema: public; Owner: postgres
--

ALTER TABLE ONLY public.password_reset_token
    ADD CONSTRAINT password_reset_token_pkey PRIMARY KEY (id);


--
-- TOC entry 4905 (class 2606 OID 25769)
-- Name: email_verification_token uk1sxbwflvq4skafkocq315i9dt; Type: CONSTRAINT; Schema: public; Owner: postgres
--

ALTER TABLE ONLY public.email_verification_token
    ADD CONSTRAINT uk1sxbwflvq4skafkocq315i9dt UNIQUE (user_id);


--
-- TOC entry 4897 (class 2606 OID 25720)
-- Name: users uk6dotkott2kjsp8vw4d0m25fb7; Type: CONSTRAINT; Schema: public; Owner: postgres
--

ALTER TABLE ONLY public.users
    ADD CONSTRAINT uk6dotkott2kjsp8vw4d0m25fb7 UNIQUE (email);


--
-- TOC entry 4899 (class 2606 OID 25722)
-- Name: users uk7s5nlreekaxdbfml4ofky7utw; Type: CONSTRAINT; Schema: public; Owner: postgres
--

ALTER TABLE ONLY public.users
    ADD CONSTRAINT uk7s5nlreekaxdbfml4ofky7utw UNIQUE (profile_id);


--
-- TOC entry 4911 (class 2606 OID 25773)
-- Name: password_reset_token ukf90ivichjaokvmovxpnlm5nin; Type: CONSTRAINT; Schema: public; Owner: postgres
--

ALTER TABLE ONLY public.password_reset_token
    ADD CONSTRAINT ukf90ivichjaokvmovxpnlm5nin UNIQUE (user_id);


--
-- TOC entry 4913 (class 2606 OID 25771)
-- Name: password_reset_token ukg0guo4k8krgpwuagos61oc06j; Type: CONSTRAINT; Schema: public; Owner: postgres
--

ALTER TABLE ONLY public.password_reset_token
    ADD CONSTRAINT ukg0guo4k8krgpwuagos61oc06j UNIQUE (token);


--
-- TOC entry 4907 (class 2606 OID 25767)
-- Name: email_verification_token ukidu2ippaks8bn6vcsq62khvdu; Type: CONSTRAINT; Schema: public; Owner: postgres
--

ALTER TABLE ONLY public.email_verification_token
    ADD CONSTRAINT ukidu2ippaks8bn6vcsq62khvdu UNIQUE (token);


--
-- TOC entry 4895 (class 2606 OID 25707)
-- Name: user_profile user_profile_pkey; Type: CONSTRAINT; Schema: public; Owner: postgres
--

ALTER TABLE ONLY public.user_profile
    ADD CONSTRAINT user_profile_pkey PRIMARY KEY (id);


--
-- TOC entry 4901 (class 2606 OID 25718)
-- Name: users users_pkey; Type: CONSTRAINT; Schema: public; Owner: postgres
--

ALTER TABLE ONLY public.users
    ADD CONSTRAINT users_pkey PRIMARY KEY (id);


--
-- TOC entry 4914 (class 2606 OID 25723)
-- Name: drone_histories fk3h5ngbgyst8qv3o6bvqh0qj8q; Type: FK CONSTRAINT; Schema: public; Owner: postgres
--

ALTER TABLE ONLY public.drone_histories
    ADD CONSTRAINT fk3h5ngbgyst8qv3o6bvqh0qj8q FOREIGN KEY (drone_id) REFERENCES public.drones(id);


--
-- TOC entry 4921 (class 2606 OID 25779)
-- Name: password_reset_token fk83nsrttkwkb6ym0anu051mtxn; Type: FK CONSTRAINT; Schema: public; Owner: postgres
--

ALTER TABLE ONLY public.password_reset_token
    ADD CONSTRAINT fk83nsrttkwkb6ym0anu051mtxn FOREIGN KEY (user_id) REFERENCES public.users(id);


--
-- TOC entry 4916 (class 2606 OID 25738)
-- Name: drones fk88f7sh8vnti5bbec1g36sen5t; Type: FK CONSTRAINT; Schema: public; Owner: postgres
--

ALTER TABLE ONLY public.drones
    ADD CONSTRAINT fk88f7sh8vnti5bbec1g36sen5t FOREIGN KEY (renter_id) REFERENCES public.users(id);


--
-- TOC entry 4918 (class 2606 OID 25787)
-- Name: histories fk8w9eva74w7t7xtf2opb33f8bq; Type: FK CONSTRAINT; Schema: public; Owner: postgres
--

ALTER TABLE ONLY public.histories
    ADD CONSTRAINT fk8w9eva74w7t7xtf2opb33f8bq FOREIGN KEY (user_id) REFERENCES public.users(id);


--
-- TOC entry 4920 (class 2606 OID 25774)
-- Name: email_verification_token fkknax5in7pcatm2uf9uyple35x; Type: FK CONSTRAINT; Schema: public; Owner: postgres
--

ALTER TABLE ONLY public.email_verification_token
    ADD CONSTRAINT fkknax5in7pcatm2uf9uyple35x FOREIGN KEY (user_id) REFERENCES public.users(id);


--
-- TOC entry 4915 (class 2606 OID 25728)
-- Name: drone_histories fkmgno2ipt0t3kmqpvcw76iw9v4; Type: FK CONSTRAINT; Schema: public; Owner: postgres
--

ALTER TABLE ONLY public.drone_histories
    ADD CONSTRAINT fkmgno2ipt0t3kmqpvcw76iw9v4 FOREIGN KEY (history_id) REFERENCES public.histories(id);


--
-- TOC entry 4919 (class 2606 OID 25743)
-- Name: users fko47sw84ajr24vfq4ccoha1256; Type: FK CONSTRAINT; Schema: public; Owner: postgres
--

ALTER TABLE ONLY public.users
    ADD CONSTRAINT fko47sw84ajr24vfq4ccoha1256 FOREIGN KEY (profile_id) REFERENCES public.user_profile(id);


--
-- TOC entry 4917 (class 2606 OID 25733)
-- Name: drones fko5qs6vcdhthynrdiu2eh32iou; Type: FK CONSTRAINT; Schema: public; Owner: postgres
--

ALTER TABLE ONLY public.drones
    ADD CONSTRAINT fko5qs6vcdhthynrdiu2eh32iou FOREIGN KEY (owner_id) REFERENCES public.users(id);


-- Completed on 2026-06-02 23:53:49

--
-- PostgreSQL database dump complete
--

\unrestrict fDQa2YdIf1XhS919JE8KwyKC36FtL3hslK587OOYKxEdCJATMuxMIM1u9uVT913

